User_ID,A,B,F,G,K,M,O,Dwarf Planet,Gas Giant,Ice Giant,Terrestrial,Earth,Eris,Haumea,Jupiter,Makemake,Mars,Neptune,Pluto,Saturn,Uranus
1,4.3746870569763647,4.487967715466074,4.329048080912021,4.275489048130035,4.392254159221489,4.299044946832416,4.303601428725584,4.4536320254282304,4.535491122457511,4.563376036017468,4.540906996843304,4.317729305743808,4.3727755094604377,4.301848252600714,4.3494537531206383,4.409667418930474,8.453566225062787,4.368578000933559,4.497113365921112,4.345400703476187,4.263951113827805
2,3.23055522169673,3.348081257518313,3.256039935887076,3.245267055999765,3.367671096621668,3.3773382659953946,3.075759364583398,3.582463464115961,9.537352940082323,3.708175575797127,3.636296615373351,3.274865568964534,3.352685548142051,3.30405964503046,3.310119309079599,3.285074249498789,3.371295508725351,3.296368581932482,3.3544616993267926,3.368782690866131,3.2274759325779483
3,3.304384982219556,3.362776655466699,3.2697980120911416,3.283164640371963,3.407862682654827,3.42917316944735,3.1938784611549336,3.40878047869114,3.445134658200601,3.480095021939447,3.4459134737359225,3.376596263698595,3.424115188833996,3.3314726920591635,3.3868742039441253,3.432201123661231,3.5455259843594624,3.4177883937524083,3.4481549619069605,3.4491262206724547,3.3229756162499844
4,3.1710661690755164,3.396096552821368,3.2875227137466063,3.2898303983958,3.438737288325292,3.458244244744692,3.36608649322331,3.3837853789243426,3.380356871127776,3.409707025628714,3.4462867966905737,3.3744410316613203,3.4316825043639527,3.326287529157637,3.3931820376122777,3.466983052974243,3.485592160327102,3.423131446795312,3.4726432867878674,3.438281512494601,3.402167781677889
5,3.3729622722658674,3.5820697869368807,3.378999065547569,3.35574165904936,3.6067619670235858,3.3897830154661523,3.2987918018409395,3.312176382248936,3.3501534272585243,3.429043552316846,3.439408996732699,3.3398564264291832,3.320062957874892,3.3029975673823566,3.3295708691356523,3.37620089408506,3.3793911871232942,3.3680891475656853,3.364556204440848,3.426510014336854,3.338829908136559
6,3.396834592279508,3.448337670635826,3.366545598224432,3.420208486904091,3.5035368338386608,3.466207379648287,3.23526712527066,3.340558378759331,3.365756463928079,3.407497437494952,3.3950566404616613,3.338974127337237,3.280352458981536,3.300602969919433,3.2778867736466952,3.347630045904489,3.391958722031424,3.3504847827245623,3.390405950453837,3.4382225938395563,3.287931597673622
7,3.58641652488318,3.6192935210373847,3.5426969898374043,3.3412154560549308,3.5338848820839632,3.596017512470072,3.4382425754404107,3.2607208006885404,3.239372758925538,3.29405948532277,3.334983180364181,3.394422931170542,3.416282770849933,3.3272259708695997,3.370607272900734,3.404052644308911,3.553571728315409,3.381812434597889,3.4143795571521447,3.458826756151459,3.354745662153282
8,3.444843059802988,3.513246396096271,3.458988646219586,3.447960228992854,3.5994844114830458,3.502730500869829,3.3767426585982587,3.2574124820105186,3.345093125471875,3.2646846811580774,3.322866266806274,3.340070169105071,3.3840649449070037,3.337932800930857,3.3245445986280213,3.414679535501429,3.438562084611952,3.46661024431081,3.4250268074129835,3.420264453089464,3.3827415845721704
9,3.2815711049636747,3.527998064702348,3.475869356761072,3.2616312281519537,3.5089054580066903,3.5630595387593016,3.282211821882189,3.382814229053821,3.364450455280772,3.369680018315707,3.3754562485722857,3.3576107353972424,3.366067453224576,3.332185295961684,3.3071113320870373,3.4493102621682463,3.457927411412792,3.385661073324207,3.454392328672386,3.425033953596305,3.349413609495185
10,3.251652766402055,3.4258206342178377,3.2797390615773456,3.2267614723435902,3.344984314941136,3.367617012218985,3.273073836289723,3.316328236338433,3.437962366232404,3.3284169384230644,3.353530332459808,3.349224320999778,3.3924993308548883,3.3074262690185643,3.39295285276154,3.360497152155421,3.440558601269875,3.4275664812009925,3.454206016456911,3.4196281217595708,3.2999066673525017
11,3.5497029340592907,3.511459454250805,3.3949140417916683,3.348760571985424,3.5461857247188444,3.5288117275595745,3.290231276406068,3.316847275451188,3.390436783246896,3.340567238527901,3.423189394349532,3.224688617702689,3.3181180578157847,3.271423204651998,3.2567849183009603,3.31849603726968,3.3777263077896964,3.3204543806070563,3.393267606489225,3.317776404239998,3.2784532963422865
12,3.2173325830207014,3.205395846260276,3.192353986312906,3.204926004893314,3.3731286528785662,3.267213641549712,3.2019582835935725,3.252736609985805,3.3116257754791687,3.32310694770128,3.336408952163048,3.402874747170297,3.325172381774584,3.275573743409419,3.343213027758498,3.4002469575171617,3.399549644278592,3.361093806326501,3.493456393208333,3.4019730048079198,3.297808009894377
13,3.3604233737968867,3.2885668827715007,3.434523921894139,3.1544731161671664,3.4425408661255483,3.3826780406327432,3.2251265964576223,3.4372375451727453,3.3401728196266007,3.387034566641153,3.394798004415886,3.3728113799283657,3.485025847567955,3.389398359103634,3.2982339123530537,3.481867652702169,3.4560454182773928,3.4081299202377493,3.3678414686582023,3.4404081296251663,3.346984047850757
14,3.493648306007545,3.4569779145953774,3.486467385420776,3.402547018417835,3.57301557971868,3.4935569410032405,3.377750831656663,3.2795384059654507,3.337573327081543,3.3799006307194963,3.347605097208943,3.314725336439356,3.3164652278082927,3.2968837351321545,3.3130595398623903,3.3703855080836043,3.385450734390657,3.348907962197671,3.383090032480624,3.341702488232419,3.362717545430331
15,3.622439143926801,3.817440110242473,3.597509035997997,3.416751023888919,3.806839979049956,3.679773420916623,3.5749197571302966,3.396940972720804,3.3837646426521863,3.506929356120806,3.417664130171745,3.3397548053778943,3.3779616326539763,3.277429120011862,3.306923692066104,3.351409819910455,3.405514996461948,3.326408377573715,3.4391512333015197,3.398548874517714,3.341700831179496
16,3.3693541463578587,3.3912211282192404,3.3266283019028435,3.3127871031085188,3.4364173848767936,3.247971503876543,3.3811430125762967,3.2755572850302705,3.2890623962472767,3.3566809974858214,3.370565252834133,3.339854915230823,3.326598336486175,3.3198196917410945,3.3126514903549933,3.248803564912037,3.348075331686424,3.272073334983317,3.3653924744026287,3.457312279066921,3.3268164191007847
17,3.452078467440133,3.424904557851626,3.45581541779054,3.269954705199978,3.533287586938583,3.428475481712592,3.3224635743141837,3.4675905475000883,3.357598557228956,3.540406333263594,3.5114016020008405,3.4407834778459336,3.4612295379590403,3.365049609742126,3.420147245394956,3.4608912074500804,3.5150259902892222,3.4033229674976244,3.480013376128096,3.4426370931811663,3.377899821419187
18,3.364615827351685,3.5153346976064785,3.298051028008392,3.3338079547321136,3.5123719340522106,3.476609535656021,3.2800530577268816,3.478335356910631,3.495379779871638,3.3818339245376428,3.4515413386388243,3.3009092557441075,3.3364579476313434,3.34848854358285,3.292111341614743,3.3250786762107776,3.406096903488252,3.425519101416937,3.3076187797023104,3.3855511706313157,3.304265726559278
19,3.479143708217077,3.404638560962214,3.4391976999274547,3.3203051442139726,3.6240384393757847,3.3632496817040334,3.32300489346966,3.2924213415963366,3.415187199840189,3.416345291020745,3.4085238235790944,3.3558716617211104,3.345449131017627,3.286030405015415,3.3411749554587,3.377442927018087,3.4072102981062007,3.387768714826821,3.448920410515182,3.3964322636673923,3.3256346769977783
20,3.485058315223172,3.540980878633213,3.6456313546597263,3.3633199057735608,3.614888295204646,3.49791864684026,3.410393982872572,3.3609388738266834,3.3378679733341587,3.450186935520524,3.39649662974013,3.271408169110548,3.3582824997834857,3.2471380785774797,3.3309754086842918,3.342679252269967,3.471161268850496,3.341747235964689,3.4505803649318056,3.3699785133017395,3.249382763254394
21,3.346168664982205,3.290226603823758,3.292647898482088,3.281970858403974,3.3733695688493257,3.3900516673589625,3.2398879055221363,3.370602771298242,3.3986941007428237,3.390908016871608,3.390325477745785,3.242200831217382,3.298095265367868,3.239785397453599,3.2340848263816406,3.2597121234037307,3.388712961448151,3.289123074841303,3.328771576443822,3.380143208206633,3.32563631432445
22,3.313185582920419,3.393301273421356,3.292363375100948,3.34488643701543,3.407818790968985,3.473133456383878,3.279906829132262,3.343802894033549,3.373046607288645,3.4117635660049666,3.405718196410469,3.215392630105077,3.358312556004851,3.252065124101793,3.238091738813301,3.293963671816077,3.4183762439934067,3.2874759604235786,3.30936982487288,3.2237313206119724,3.279482660816716
23,3.4418588779811987,3.341167071901807,3.304566530703392,3.359622236225082,3.456325048439126,3.396789250217362,3.235778397616616,3.368546304342232,3.362472098635167,3.435508147810373,3.5261716913488974,3.3265344586994483,3.395171907124193,3.299762415065617,3.356301719220252,3.347688946680282,3.425133138176913,3.42606180842327,3.4541875445461883,3.407905025006334,3.3622481697994577
24,3.519851573252863,3.389821553640844,3.4470013486424587,3.261286556338631,3.469055283213166,3.454874507151455,3.3491853149815887,3.320406135183377,3.3823275368952928,3.395040729313014,3.3495366215125197,3.363255668846344,3.4379805734638698,3.358075815182108,3.37636237729926,3.3526705089357387,3.4290128714289634,3.338763629231818,3.388655954444911,3.4604261048239877,3.3730898512796186
25,3.4039001433703486,3.448638821504572,3.270928233425662,3.281351743162171,3.4535254049151773,3.44248302513389,3.1940134212243927,3.400332789493657,3.3793791028807525,3.417602253540693,3.473327664166739,3.33517625070521,3.3214000256334764,3.347171895305795,3.3276849720310877,3.3749718639150106,3.4276688096847567,3.362703889034173,3.3932661496962786,3.3764140543080123,3.360958722694137
26,3.2943937021115897,3.2246101440939423,3.2236816952068583,3.1765649227803645,3.244553932224492,3.3511470813009336,3.011071479316912,3.363800597588651,3.380354489972931,3.463090641512789,3.446646274519322,3.2947268913736094,3.319096014445915,3.3240443075883044,3.3323387363384063,3.338054327691493,3.34201946968877,3.3130183911510973,3.3818578764853937,3.3719281559500867,3.2953130271463875
27,3.3363563853746814,3.486450824288317,3.303496773342241,3.28437730829641,3.517827521187215,3.3554040055474657,3.346364118656466,3.286972091443693,3.334520428728811,3.330342432590541,3.330582606275168,3.43704145929206,3.3889418018782376,3.3590846289843905,3.390681137135452,3.4659923153282635,3.559231767064598,3.4182829281946896,3.4408913800630034,3.488283857555687,3.383125450477248
28,3.3819772508693817,3.3726021077165838,3.2605338010880205,3.2689937129920783,3.4976566969508105,3.365712474595327,3.31489103404484,3.461056332172804,3.47202038748105,3.4918317071687874,3.4525390463726824,3.2298145560997145,3.3016920254854885,3.2529802739732543,3.225965179472697,3.3171760016507363,3.412104023144779,3.2898124133212625,3.3593460664180506,3.3275753192896698,3.23859198278887
29,3.435239651645757,3.491662659951152,3.2680816701799364,3.309336242851118,3.3815374728714382,3.4186793038376355,3.2162143188274226,3.439255132037093,3.4454395781704417,3.3779288703054013,3.356285822837301,3.40572935214058,3.4369010000046,3.34073324862646,3.3555621255602475,3.3938080034433784,3.528352916185732,3.432300714570963,3.392343121425504,3.437393888693617,3.397305477625714
30,3.391788302968944,3.48746995810005,3.499724058270984,3.346037669877256,3.6818163970766618,3.489380905259996,3.420017730183877,3.298400768189034,3.2592945218108937,3.3840970493454328,3.344276923121301,3.387240780756612,3.478338006351935,3.2714969173894843,3.360724811475129,3.471727727340637,3.569130165988943,3.4057191852148274,3.49047515255724,3.4769267261106727,3.351496713755138
31,3.5371157342556216,3.696605041156914,3.51238540042276,3.277797029799107,3.5308247499039407,3.668375545640784,3.473195288520538,3.341725056687741,3.385686774944861,3.4303045802217382,3.4185730678253994,3.306144308045006,3.3920435941281,3.317376783525232,3.3101142389718863,3.3269986087020453,3.422322577570423,3.280032863192888,3.426953968787256,3.432791613515216,3.3159913097482407
32,3.4527213961897503,3.5421364095122567,3.3724686201575547,3.5408902273323903,3.480469921262294,3.5249107589489603,3.2867610349217102,3.367521492895816,3.297643831212536,3.349190184940804,3.410878647610828,3.387306851495436,3.257583782260457,3.2923026970886085,3.3271392337155565,3.374972736641931,3.4508071356372603,3.2813622507507096,3.401390793657564,3.4744699493855635,3.348316337976301
33,3.414249688828209,3.572675854266867,3.433482573409708,3.277782248679028,3.5525617666336564,3.5000644777473275,3.318771124734944,3.506397185244462,3.5401401474883527,3.5478627754162524,3.495644892213553,3.3028634527144347,3.389585653923381,3.3179917583499985,3.300671831792242,3.392455440216247,3.4476962839846546,3.337331853229328,3.385633879645294,3.4191524203591768,3.3456669721465477
34,3.2556820356828764,3.3456356711540294,3.2567413134209047,3.0960726978296966,3.4149123666149857,3.2007041587465137,3.1995940165508965,3.3631925237836544,3.3142102812097614,3.445695213847972,3.4573339180505083,3.2842992988693904,3.3986936308342752,3.273544051839663,3.329125218364503,3.323302354586726,3.4492942736522485,3.382013725321724,3.4720604848690817,3.347184399669186,3.267215061712292
35,3.4910220510862806,3.468301956308867,3.401000798549879,3.36007217428591,3.606106631632976,3.457265169087388,3.311964129177932,3.3355900846349558,3.4769665447685183,3.3893853880750635,3.459141539225353,3.184819618788712,3.392724825315411,3.2260418008321112,3.1982902693008617,3.324580730616237,3.479643621208835,3.355560374384698,3.3109702458452657,3.3465585723754567,3.333047754103843
36,3.5084451326244093,3.496696604745511,3.39571357447755,3.362963595362595,3.472736632217978,3.501544581246717,3.4178786106697685,3.342147173116843,3.3772204464168545,3.408517037189594,3.399953144213129,3.361310175904598,3.38675778349867,3.3172234296294536,3.335078836083496,3.383356999339149,3.490231102945174,3.3571944238466584,3.385875003702071,3.440712934708583,3.299372423889131
37,3.3804557153753367,3.2492103908374594,3.3228973130987813,3.298846488953904,3.40272989304656,3.253806517837376,3.2332171032578394,3.371836422385276,3.4071449152288227,3.385466411759543,3.4285495818446523,3.41580822004064,3.4319519350465653,3.276144262203247,3.3853559705851497,3.3801699558545275,3.483463665057282,3.460982126948771,3.4638085556988947,3.4087433774455693,3.3517950815726727
38,3.4750130136973403,3.4301370555030712,3.5581388942034136,3.2908424073444498,3.6917954279694434,3.612682533101381,3.3361321333973115,3.262005391886691,3.3156563431406494,3.4058298860371705,3.359233030471694,3.302288759955692,3.305017769796086,3.2857050006106343,3.270847587556948,3.370996590981867,3.453672059522989,3.458246050464775,3.375720504337668,3.388440892955171,3.281752766721859
39,3.5167806760268205,3.5833617183624566,3.3501937057247027,3.414866254644036,3.6865792905972983,3.4511897082238843,3.3140825161097704,3.402333481412861,3.4838133103994973,3.493402021805982,3.427938516075985,3.3966019548734985,3.29223063331148,3.293874474047003,3.264984166831223,3.385376171995103,3.329446382611772,3.3198398676497263,3.438364993442098,3.35547938689658,3.3129686260852567
40,3.404950903236144,3.514926064707855,3.5711714221528643,3.256640996008345,3.631036467042452,3.5473749798906447,3.542296283117964,3.4385858301033974,3.4120647765901206,3.368876212944017,3.3907956717421213,3.238518346072294,3.306242774123303,3.221496955219089,3.278508404664193,3.2716761755082118,3.446270300548482,3.339341847166382,3.351659290587459,3.443556732458508,3.256927763656513
41,3.4690862550630865,3.459414362708684,3.339757023785451,3.2476781008728555,3.4745649178902247,3.457021981208254,3.2281388921378307,3.3276787151158507,3.349349071622972,3.2727763446796034,3.3754688152347123,3.3549736759608466,3.403672481234702,3.3475574519735165,3.386195916346358,3.394653926845754,3.4827213947809046,3.380130442175884,3.371865485415099,3.466479978598524,3.363859047951196
42,3.3565810024169096,3.3485195509860866,3.1751849362059947,3.208661086155673,3.273556361151955,3.356488913832969,3.2779691744528003,3.491442276841742,3.466319451564838,3.545706079614884,3.513886678478836,3.2953582502873227,3.2811090050581453,3.3336859483972074,3.284076196548392,3.3793887988899,3.439801945353925,3.28580722196947,3.387064082384096,3.3745806151268574,3.2747462037489545
43,3.4478482127676986,3.498361272569262,3.3785478229248644,3.424198411427452,3.696718643350024,3.5288902807739237,3.27627205689312,3.4698208893475195,3.487022940824076,3.4985609942177778,3.460363600399209,3.346157497156802,3.428154680172854,3.332321756807785,3.375511400882265,3.415837031059999,3.461489475556661,3.484854087306836,3.395180016079156,3.411032223900936,3.347593795488528
44,3.4841737651271805,3.530575174523184,3.4777044279221694,3.337447747474706,3.571157671917033,3.46851237989811,3.248752194075918,3.4325507591125826,3.4189347103966115,3.414365525557938,3.451799519754563,3.410702063984347,3.463135328099749,3.319932225462306,3.378539776657218,3.48525360742969,3.526227916160259,3.457704532776847,3.4511907141182645,3.46862999643173,3.3999678152846093
45,3.495092485612852,3.4218900422376004,3.4334096075571217,3.371465846471795,3.570261289105564,3.444433006778383,3.22041508475648,3.432675699341798,3.387368062928767,3.504120997228198,3.365237855873567,3.3610595513205506,3.402385422736273,3.3659842567753446,3.321340721522865,3.4211472779359764,3.4388992925846447,3.317935885990931,3.47714884053432,3.440274814295855,3.356944683785049
46,3.365598172341151,3.462383164417412,3.315116976875849,3.274638882887688,3.392502149054273,3.3886645616405677,3.271047917020442,3.3903889184464324,3.4191861630949507,3.4141153672868128,3.4254516819824654,3.2306922091900803,3.312680701472023,3.252806229740629,3.245625978096985,3.2732795770122864,3.3984370724065376,3.345332230520394,3.3311936440457752,3.311273478453077,3.231393008626795
47,3.3789263744033957,3.3448620840837258,3.333570419106864,3.2550687937144605,3.328732610158782,3.4386784692887225,3.2942603482877213,3.420684967338382,3.4680365868426706,3.478165885205307,3.5041848612946667,3.367814962474596,3.363284001067265,3.335958075113272,3.3728561897132576,3.314963900059977,3.4871406625561248,3.411420651074605,3.3388066435993524,3.435107499723605,3.3366790998495084
48,3.2691993401087776,3.3966094766943087,3.2378335921960573,3.219812246179184,3.496878193470097,3.3436414129293293,3.199477290757484,3.3980104156359845,3.343666866680258,3.386672070264817,3.368294706251551,3.3932810281102377,3.309707186587745,3.322857251327194,3.3580368374341725,3.4448823206652515,3.446590545183148,3.3337912869291983,3.477890548251517,3.39725590338696,3.3298555795427545
49,3.4727276737271278,3.497303283385708,3.412665331916494,3.243063507342294,3.512093548329363,3.4839298194119084,3.352825014083888,3.3698795330376683,3.4333998841516085,3.4350954387039474,3.453334424735397,3.3772450038891475,3.415690146286664,3.2748379088107007,3.346818785256578,3.4245459346160425,3.494087382543188,3.3667670849265257,3.45378013435538,3.3963976872689425,3.3272258637676457
50,3.190600860224765,3.385149157135441,3.263300318653819,3.2277305365525946,3.432730021585917,3.3256956441838788,3.302348980846181,3.496362420982367,3.5390351584833155,3.5397054206801144,3.536060593287736,3.261847380095465,3.3472358097867603,3.2941428875384497,3.2856335429195984,3.2870077896488734,3.414533721491869,3.288048915263563,3.367766644070475,3.3105541163039622,3.287773444058179
51,3.341793908151391,3.461328418572457,3.2898424986907875,3.3487810146629653,3.49499177761363,3.348568850513601,3.3856559822325663,3.3762358680247093,3.4177633302201644,3.490591148526992,3.463814928448615,3.4112292724296247,3.34597005711098,3.398906055555445,3.4214205491279426,3.406166919132884,3.4500260573320083,3.3092724154617525,3.4583539077056087,3.3954659335954984,3.289779991786877
52,3.316747491797474,3.271782595941246,3.34611284367839,3.261113107673673,3.39057980149555,3.417622484294791,3.16714483846452,3.3755022532791426,3.3934509776246,3.451246151548626,3.3928853621895434,3.340048844670056,3.439695537067693,3.352503539207744,3.3071816918938595,3.415490743312621,3.52694952093114,3.407985872178206,3.4483990050205344,3.3940113503084426,3.383911419442556
53,3.464207885690192,3.583292755567262,3.396340424268109,3.301737165741457,3.458132474510057,3.5446959732956085,3.4541567164786238,3.4070920059945826,3.4073531155528296,3.3531632852383555,3.4599826205427684,3.4007180193988287,3.458917067321479,3.397548965198422,3.458904017614709,3.46158885025383,3.5085007638907464,3.4338063582212794,3.455256174796987,3.451642584200689,3.3599487860982102
54,3.391764709380759,3.503782935679785,3.4870142726139237,3.311943886670922,3.5555421518110992,3.519333478975698,3.306978914402522,3.3929475168841523,3.3139811957404426,3.435870606747956,3.4080512825909355,3.2513124802044886,3.2969880299252643,3.267376100166489,3.2527405311696524,3.3132839071997595,3.4467744237370166,3.2626190312150274,3.409667319611891,3.2791394695123675,3.229657022662199
55,3.2631644156433275,3.227377397027145,3.161645122238379,3.214914985252948,3.2694180128239267,3.244199734133434,3.119656896498434,3.415253628394737,3.406171347850133,3.35561928458629,3.3989037845213352,3.3893191287300457,3.407616111353908,3.332038250273421,3.319144887581992,3.388785821909471,3.4740222112793075,3.420330240186616,3.4788781675756093,3.464563682529453,3.3513892347546568
56,3.4667192023718747,3.3533181142416613,3.55007326694188,3.2780430183617995,3.4356339741656945,3.458297825761702,3.343195150221964,3.319737224235133,3.4324943358604845,3.450217329473768,3.374200096915454,3.39858105184032,3.338765493693487,3.3645232745362192,3.353964596140837,3.399738443245077,3.429511100764028,3.4092318974496245,3.42151940990239,3.454172176560633,3.312396252113808
57,3.343598589997676,3.3671609414819303,3.4061559126733165,3.286175272374745,3.5560046487184267,3.5205086822367693,3.373999057104001,3.4352539864588385,3.337408865952388,3.433224634054337,3.409278453458628,3.3101137940644763,3.345921646953461,3.316830238479216,3.3461880430341693,3.290479603058956,3.4248970487614687,3.324432961016892,3.410542494750206,3.373295465515851,3.31501807015058
58,3.4554636632072344,3.355513923820745,3.32564239885734,3.364163972694149,3.465454246096224,3.430425271984533,3.3212939001313786,3.352984819865477,3.2985476362045083,3.4004037712861965,3.405107750625888,3.1784840744198646,3.238754904706502,3.211853788821541,3.2190622414021592,3.181510886176416,3.403385658954482,3.2714616193614026,3.373216131138738,3.2276604368920183,3.167901351021472
59,3.317797310087086,3.36176707290686,3.244074761680686,3.2130511153434287,3.568942692885949,3.245173355226501,3.286348994899483,3.341863733929191,3.4568140827987373,3.313316333079296,3.38018706661877,3.3865445554350786,3.3380510132471577,3.2945302431005987,3.357724771896402,3.3428313462908905,3.386234446855705,3.3242406876006587,3.4420878176352074,3.401136250995098,3.336897122617319
60,3.37181339643925,3.321673060825257,3.2992384558167545,3.3290367066684725,3.4447533394933583,3.402294410307809,3.188173902015773,3.2774559508149097,3.364562831697212,3.267445971018992,3.356175118208176,3.2481725916535047,3.420796194602457,3.355746808742952,3.2991125530324346,3.399500763468191,3.495848541475111,3.4350646534205165,3.422480025436747,3.385289010865882,3.325164390676604
61,3.4952984625468937,3.499294424030548,3.3931023980426294,3.3887044667759945,3.582740342468734,3.466916596025276,3.304943571047134,3.331483644067107,3.384498569334181,3.391265988742517,3.476356672775408,3.397680110240353,3.333928090899558,3.3139171170417554,3.33006848539619,3.426995437591672,3.4182382666005813,3.328816449519338,3.4566451856137403,3.422380236489008,3.328729308889035
62,3.239525542860598,3.345765172919321,3.346945028309338,3.265938575522899,3.385497544854343,3.380056606685365,3.2208206978265057,3.4226127115529867,3.3721971306821032,3.412314307503651,3.4512262426882434,3.422774065822248,3.385627212233934,3.4127873057346183,3.411219278253084,3.374466719456381,3.496445602639753,3.3655451623483765,3.428496223700647,3.499260773596469,3.3928076653716976
63,3.313758784511652,3.317254025156244,3.3471624091134924,3.1883940149366423,3.362341366905971,3.338326963244908,3.2673019832863712,3.2809927971382065,3.4101567035899163,3.3740161640580184,3.4461437902783434,3.317957378585753,3.370786586543236,3.2611260792694345,3.3835728567089958,3.37394959662911,3.4346267856232497,3.32548624446518,3.431573375102863,3.399796554973924,3.272245014661048
64,3.3506576211677195,3.4751678053573425,3.3428448586450585,3.3394625346828533,3.5015902553195746,3.3834052922506848,3.410568627468949,3.370261140675201,3.287538893950896,3.3760757696187373,3.429383787002242,3.257939668704932,3.358453706152057,3.297526604194572,3.3065621127861777,3.409531417009635,3.4090523779695707,3.396181663742854,3.379613161455896,3.3774219061687982,3.326776174042044
65,3.437457885208953,3.4357885713844403,3.2942309617989465,3.2876730949966286,3.403763138724325,3.4318324235881885,3.201583179731452,3.29891131611269,3.3819128572329524,3.439179488867968,3.3465125414236505,3.4111194857009925,3.4325203414097003,3.361143169034412,3.3460427063079208,3.4397850324185417,3.4607840323612358,3.4465364990880207,3.489477047625075,3.502637999697176,3.3744517161677394
66,3.268916112906868,3.3181670753186028,3.070312284688237,3.2058729968451747,3.449352095667137,3.2256062683865725,3.1784183403905844,3.305136116993148,3.3760168404523574,3.380423116511841,3.465952954238533,3.2857558611566278,3.325648982534132,3.3218086874790105,3.3283810520297648,3.4183411162811663,3.420713452479174,3.362278625913522,3.4026071296017504,3.393114934650217,3.363788408661628
67,3.455232358838353,3.489786775544479,3.3320596653253127,3.382069284219455,3.575839475240326,3.3028323951275174,3.350429482939635,3.3855716982134827,3.3505933320742654,3.324627049957957,3.38341979608174,3.2473800672932214,3.3523990512595128,3.2714931287295728,3.2886004258195656,3.294989921522185,3.4345313786759437,3.4285660951514614,3.432686838991529,3.328420105810868,3.3081986642998533
68,3.408286652047975,3.376102639188952,3.324892740427619,3.304037076827105,3.3418831994773104,3.495025360683448,3.393425226255033,3.3875699457861965,3.406887346601103,3.412437809732303,3.440730346303336,3.293360760579463,3.3241487903332945,3.3553659315682784,3.306045209577458,3.35822192772629,3.404847474742405,3.357208479701619,3.356370057179316,3.387526354266254,3.292585606956656
69,3.406976071407977,3.3800927358635904,3.441004508622267,3.271412822554167,3.428907837149139,3.45055942796028,3.326110130625246,3.392113238523177,3.34082616849427,3.3427162246809394,3.380715365841209,3.3315730017125973,3.3609479743520696,3.302883518695609,3.318768907918752,3.3940594964360336,3.52634052858036,3.293823260122723,3.3970263463532344,3.407567573385827,3.380650896551741
70,3.4159429003127,3.517284280113816,3.3799480720021418,3.3013079392351,3.505412193099124,3.505371404952144,3.1407970210196257,3.433923588209005,3.502439315222006,3.460011790926082,3.4483396714989354,3.364209291424429,3.35633405079192,3.3610346820461743,3.327567417197877,3.379718272048493,3.452520662068054,3.3565440270538693,3.3997836788880216,3.4488159817529245,3.34958512332662
71,3.4841228329291374,3.484554084028177,3.450467438544577,3.3200509017835,3.6067279623167385,3.514371495768341,3.302809748448547,3.332058657254817,3.2815189765513573,3.233196309739933,3.384705128412648,3.2549968696972917,3.3562538797244,3.22953580770576,3.2491195597640754,3.358998016619702,3.4611216880123834,3.379189157735198,3.402770331281076,3.33319907044764,3.214284424485636
72,3.298279458295112,3.449682279051886,3.2805284834118646,3.369084466391484,3.3623490553163164,3.424609497227394,3.311781755300294,3.408597551291887,3.467357555818684,3.449767932244986,3.499623811529881,3.2771121965233823,3.3248486339745025,3.265529221950264,3.285303102698588,3.349010713839846,3.404559007385696,3.324814194661984,3.31177971060214,3.3231156538565,3.290614161517365
73,3.53532880514964,3.425107726746536,3.568621652734964,3.2476825755012024,3.477856196170478,3.4662144727812927,3.349778685802181,3.41599452839523,3.378098455353745,3.3548706216326343,3.376504733910626,3.207521102842452,3.290419212146495,3.2615206942206654,3.2422864343605244,3.3841701246205,3.3842009566344715,3.2568825201187885,3.345155576638519,3.263522168539488,3.270299074162532
74,3.259650510296084,3.339206698452593,3.2346699069455203,3.31536950990133,3.376882227011378,3.377485963961732,3.308485023463611,3.379596012203838,3.49053054248468,3.414455422850843,3.38548984176855,3.3421752157326403,3.3342323067092017,3.303858889761428,3.3265811164537427,3.348621943859966,3.4521514285313013,3.3386543109181086,3.412008471069721,3.345757031757393,3.2609898360091227
75,3.3740229006345994,3.487882033332971,3.4606998293243465,3.27510421664408,3.5652419611594017,3.517883215782925,3.362032226360013,3.314915687371826,3.423722888769986,3.356642953690672,3.387326764686041,3.305860079427968,3.467455048000469,3.382264834104354,3.3646670751265377,3.434761406738116,3.4704785982867685,3.4938937527966463,3.4328903535413025,3.3832031218750656,3.3813935600066323
76,3.446606168817102,3.5375026093374475,3.273147557074268,3.286594926242968,3.455316262872215,3.3674500857169662,3.4288579099397527,3.289867982244992,3.367067720036919,3.2997861329844005,3.3368389813769825,3.2766638859174204,3.4250385495194524,3.263919100559979,3.3672779976401497,3.4379042666950737,3.474517355968799,3.458538717068159,3.4708284501036077,3.387911515841674,3.255620958786187
77,3.349819904791919,3.396943948192142,3.27160109700122,3.3849700484000973,3.463459303847191,3.3779893116945363,3.313308515504021,3.323890077887853,3.378644173746359,3.404366378157811,3.4322783824765644,3.415055758979791,3.345101386116895,3.2999286675330706,3.373359455674818,3.4379543111250315,3.4740842548827247,3.359661924856945,3.4970783317661405,3.4591052565530207,3.377571342005078
78,3.442995528507862,3.451871779244697,3.3768175950525343,3.368044979622906,3.480830359597083,3.548830359293341,3.287080671055097,3.350830001080553,3.304706315414617,3.362025317001788,3.3011490418289062,3.4342465120177303,3.486571940441201,3.320190884664478,3.376495977420912,3.488649216849564,3.573609393769869,3.446761902822994,3.459059781678906,3.490405246033676,3.396214464644563
79,3.4351023082838585,3.459520207833649,3.4566865210237343,3.399036224981945,3.560413573331428,3.4477240624449874,3.282910281629815,3.3115371944610046,3.3446901471898136,3.3614898958311867,3.31830770304368,3.343455826736279,3.338611684006332,3.32264101146467,3.361252620495747,3.424418995668825,3.413981632204192,3.359175747686598,3.447668693817785,3.395146364435254,3.3212074320856164
80,3.3594270708515346,3.40236174861398,3.396595193179053,3.2549396629583,3.54673788681424,3.3251429079929187,3.3004282144526447,3.444675466433306,3.404348048924457,3.4854377644183248,3.4816710325962994,3.3389813111974056,3.3040024607087286,3.245908046397626,3.3098113471209496,3.312790783931756,3.3747699155331783,3.3154023467364984,3.438057223334475,3.395538118429618,3.25723113103709
81,3.4970040735474544,3.615929308123816,3.5190143335228736,3.272606739431319,3.6674581508739137,3.4999827252753484,3.3525968365839027,3.3257556719826926,3.331833293732636,3.3684394793466312,3.4290675268557416,3.281994668304377,3.3810156777258427,3.280048027490802,3.239132543068022,3.4140633193241148,3.4889382232111283,3.357597920014343,3.3945514461079505,3.383079230282632,3.2401612244283267
82,3.3129260120848047,3.333175120306344,3.401538065681597,3.222352313147048,3.4910671293391338,3.4229457827186023,3.272865750435366,3.3463443360222342,3.3469694641947747,3.393347868348185,3.3643262197645343,3.357928904021409,3.3279843051834,3.288933846609289,3.358277711459458,3.403153879582404,3.4737069467561974,3.3620009876558155,3.4052988781755595,3.4393464039469896,3.313068473675121
83,3.365571048157816,3.430812358492765,3.379870638647936,3.155044967825939,3.403860884882512,3.3784553379210114,3.2591379399881486,3.313742454604254,3.366518902838682,3.390838758119424,3.381086077879811,3.198570037256543,3.325180053897261,3.303179266620925,3.197928286400809,3.315525168860555,3.4559880891640065,3.249742319197217,3.24260784210995,3.243131908000928,3.150121176895901
84,3.349204869451633,3.4438887361849506,3.3569198741154764,3.3035773009190343,3.477816066721318,3.4715612308889083,3.2749795361368204,3.488951544239784,3.4509771106598564,3.4696062621168213,3.4504619284146054,3.304027424208147,3.350141947182925,3.313253619935157,3.3010883241792954,3.3596885523481337,3.425607113994414,3.28408009301301,3.355020562211796,3.3327067092989875,3.304730134162178
85,3.352665005021625,3.4315908038768552,3.3829235157049125,3.25531955902878,3.499348145741364,3.447067927826181,3.328663785141208,3.3071299241907948,3.413690991808936,3.367415270494923,3.4057524415759466,3.322561851534339,3.3197150618696982,3.2837510026159413,3.3590491164157115,3.332674323731319,3.3871729020462404,3.302710333879825,3.4030200651326976,3.376796515275076,3.307332345075148
86,3.3724361192168746,3.255203784224161,3.277348272319049,3.2741276472890144,3.397245060841216,3.345819345546851,3.164994567319832,3.418490488607142,3.486128619473297,3.429504518194216,3.392048116414833,3.365050255397505,3.3855636947323644,3.3008392237178685,3.3172314992517533,3.353020688724936,3.426597620377324,3.310332902609633,3.376441690293517,3.3985542569941765,3.2606252870518517
87,3.290387949806645,3.209380106883075,3.227646284587785,3.261457910961762,3.3183581567886757,3.3424268141331805,3.204915547047125,3.3597516221997124,3.2710572184465643,3.367506970975632,3.437579944675524,3.25655029178138,3.3660475168393997,3.287441857934609,3.252652625864511,3.362805460045719,3.4517493734643145,3.3143967283382065,3.4074729046206667,3.345254499713732,3.292130116184158
88,3.345112852558221,3.453343477094089,3.328337272777772,3.250940683882307,3.469886683008698,3.346976879644262,3.269488691634133,3.382546117841457,3.4601012654099903,3.3731559489050107,3.473077478511005,3.327249865644106,3.3441475896760045,3.2708400286704293,3.348760030870657,3.3814911663443965,3.4231760678533822,3.326207976831129,3.4426179877663743,3.3756520463524766,3.3354897901927902
89,3.4530102709863084,3.5711027503042767,3.442838388073401,3.23304722332446,3.6059637688793993,3.5251420005942893,3.50246108104572,3.3759413792060093,3.34945360501316,3.408514061652648,3.3911846918938267,3.312578940038386,3.357356954779439,3.2898424329110463,3.3238094180860447,3.3643749769171944,3.438733010440867,3.260916462174929,3.392160779188877,3.404889964829925,3.29961881844128
90,3.4083784939681814,3.43380391260222,3.4091484015218407,3.2544914242946223,3.486348899174654,3.4054996197325957,3.3438525439059275,3.340212108264375,3.391311608216613,3.390340222473815,3.4365797768341357,3.3072075489545085,3.2859372526218134,3.271354038013034,3.2846128368243206,3.3367993290671008,3.40170574182286,3.3387160678307883,3.377258973293532,3.4348742435559467,3.3233647967229176
91,3.2637275598805213,3.4250796266113044,3.3125770000606214,3.247364328605189,3.487447893545314,3.2849074736295374,3.367019530198034,3.4295336699103918,3.350747423014152,3.4470324056029336,3.3793043781749965,3.33028662877648,3.337287654324364,3.33563900565412,3.347370105881037,3.4621208544679014,3.430739135370916,3.368457937201397,3.463824266080092,3.4262833803869706,3.3174142581367003
92,3.1837320621191934,3.278818717550014,3.208378702150445,3.1949061816145177,3.278202992529381,3.314475300038428,3.1529596032810203,3.3655164242833737,3.3507783233357373,3.398010321558504,3.417850572202748,3.275854596138384,3.3744077399995764,3.3245630874861005,3.3275548339226404,3.388748820824757,3.428401105785849,3.4484689226968888,3.494787020836838,3.4351799385146675,3.322034327047573
93,3.3501847475777957,3.2683632958387503,3.337932544192195,3.3247168071594086,3.4227519724621045,3.2637622973727893,3.149627209494862,3.315055203264575,3.342882733282925,3.3363461087322217,3.351295529221211,3.333981143133987,3.3416840462733526,3.3397663418799395,3.3273364125191227,3.328377528365261,3.3908134546155444,3.2878136081683262,3.4344190645774546,3.3401508583881734,3.3357971309788117
94,3.4928035505877504,3.42198326860453,3.441807030965588,3.215496858129583,3.4281996910586234,3.46937687568919,3.345262663352114,3.4232466651368965,3.410573126496736,3.461727769234687,3.428095032773272,3.3330092148687527,3.324169099530545,3.3202579046174328,3.339476602768613,3.35745889498206,3.390382010054544,3.369793295436092,3.42953681627351,3.3905806442747566,3.29970897936054
95,3.50254173498357,3.5042371933435232,3.4054941740650784,3.413827978801537,3.4905560481380418,3.460596026191199,3.3176136945660577,3.330236610289297,3.407862416346875,3.3750121492690166,3.4213797990042685,3.3416231580254583,3.3525722992351805,3.3219307324984158,3.398078678425738,3.372403565668971,3.4403932152420844,3.2569261314744566,3.4014293475859225,3.402177434261421,3.3001601093042825
96,3.584840858536179,3.5556829467096023,3.5174946456830494,3.3801193463548453,3.612181928098852,3.5791289069222163,3.366007277780839,3.279360256742484,3.3349597712353525,3.268318156913775,3.33965409596607,3.366802049615832,3.2644233938457856,3.3292667127406985,3.360057987587898,3.323641158609678,3.4072198166024674,3.2892102544657127,3.356544545470125,3.440455638856745,3.272227329434472
97,3.417917744774984,3.483539537882386,3.2962008042190543,3.374765217181403,3.422271775982688,3.4603181631567117,3.233919921879516,3.315178901298702,3.423942007264224,3.3937299804014005,3.406325285525364,3.2866810732923843,3.3525888922642397,3.2266754944347475,3.273401346478067,3.303637223113281,3.3966983123420085,3.3723470232691457,3.442912975176446,3.373563524989965,3.258670282365655
98,3.564596713020306,3.388587592668185,3.483054157924934,3.2415436706716365,3.563527114817134,3.383005776749662,3.3321426959921965,3.3329748435587048,3.34841992923878,3.319920489521164,3.3731592761593614,3.3076560565905626,3.3220823722892647,3.3577933535261995,3.352525802862411,3.339370659624969,3.426883191924555,3.300917090033259,3.4171723844488167,3.407200612179335,3.274109920753354
99,3.52421358545623,3.453004151642412,3.331449462985427,3.352995533805868,3.5174521104622056,3.473330668275742,3.3017546852497377,3.310438958054761,3.4220464729378106,3.365697245850402,3.4109598474694565,3.3772257603178764,3.4269427009469187,3.3215722842040383,3.3979602652062844,3.400500951272716,3.50531883729369,3.442698759136605,3.4246324471519967,3.433277184223369,3.3355546979809474
100,3.3847367761478417,3.412580136049064,3.33831486114996,3.3136642035268897,3.331064148828476,3.455929578300457,3.33110582540141,3.324656438981948,3.324803741612889,3.3221245299818585,3.378767564743033,3.2740236187533025,3.3240611278819885,3.26026481424716,3.2859897534379656,3.319862780030897,3.3928044205100245,3.3168687883751127,3.39240367917747,3.333829344568968,3.268501021426341
101,3.3906539639434863,3.4593766529164323,3.327218649368413,3.398038194924097,3.485040826591587,3.513567229216867,3.2928561477593408,3.3809381353157777,3.350383308075704,3.381252320548957,3.401955766617927,3.312056710430252,3.3644059226966863,3.33725844795661,3.3481338417732496,3.345672280310356,3.36461040957437,3.42347465721818,3.355735409965289,3.3692334184263424,3.3201983108542774
102,3.5919729193688377,3.653989066825785,3.392432532235744,3.488425029265962,3.6629924245358856,3.4834425129454023,3.498893126659365,3.2574448311403272,3.3172397891759244,3.3849320659579822,3.403349173615419,3.3168284326023563,3.3446785825081395,3.3334205885428485,3.336546101266584,3.462232410796617,3.499883104990878,3.317470990990847,3.4760273163692865,3.441990571592192,3.330427181834214
103,3.388388985768057,3.392826514719136,3.309933414201574,3.211670136651312,3.5778226538660154,3.3743839470923307,3.3113980111278662,3.4188256929838947,3.420577324324115,3.5040542568630144,3.418932780018201,3.362069897446474,3.393356255396806,3.365226248960014,3.3692957698966945,3.4036103488574074,3.4421475429970183,3.2721009649472657,3.417755215407809,3.42550380275218,3.3321572567818083
104,3.45768878707172,3.5040395218474245,3.432131677485431,3.3670215014771707,3.5212538779386167,3.470744708150533,3.261885620862123,3.4043130289641104,3.434193624892256,3.519946554982735,3.4433768995805183,3.2518719249250214,3.3921413167109944,3.2869017842178434,3.2870924899443983,3.355568523876673,3.4783755409691253,3.2868941451639118,3.40601045363914,3.4093566979845926,3.2601944055312235
105,3.3099221228475377,3.484894110363,3.3187665446896104,3.299751439611001,3.4096789015294227,3.454438191115998,3.239036475868368,3.293658785036383,3.297254121316898,3.3463993025715824,3.343931959595964,3.372464775329868,3.414927056172633,3.2693088151574927,3.247278386280841,3.3872839313272864,3.412519969239854,3.3053228467686075,3.3757500295925307,3.3596798137421606,3.344532950273297
106,3.302488817278934,3.390707177307013,3.2607952646790763,3.2730599881980877,3.46513565432102,3.3676327338485468,3.351507735469963,3.409034907198341,3.4399376028231536,3.410356360640508,3.4077501541468456,3.2318289552108066,3.30054183578928,3.224949882695612,3.2591400444331877,3.2317018143971734,3.424160735899408,3.2699533666711678,3.3649668608567533,3.278347510130063,3.2166230566122755
107,3.252129442413217,3.349825063535472,3.203602799771597,3.207001157715108,3.391789261674019,3.219705879471179,3.127878276651526,3.3845776060777464,3.4050409585615884,3.470712992597964,3.462316682099009,3.2846466993947745,3.296107990631068,3.309861630931313,3.2964686142742017,3.323308554959781,3.436691272429589,3.307003186884198,3.2963635349108533,3.4084737482362355,3.2885754265571414
108,3.361170507848903,3.4610716818630607,3.333191809345872,3.372839698331619,3.474119625423304,3.416432872033065,3.2619012839098387,3.432460338324454,3.346581971264295,3.4757573504819184,3.4814640073907053,3.3562853286711527,3.358036384876086,3.266940093421233,3.300031572081771,3.3333247909676755,3.4324045342735494,3.2784289809179885,3.372372182470394,3.371175696633302,3.26353745324722
109,3.2928256318053397,3.2158613288844724,3.267242103632014,3.107256566420982,3.2848656288912275,3.286153476481686,3.282971226403377,3.228738511433772,3.362959033862831,3.3046358086623866,3.442183419848856,3.396716213860893,3.332108026257047,3.3983209440707767,3.3344879373898078,3.3720596125013627,3.4350789110925737,3.3390705433856755,3.3974370599439547,3.4249255690104143,3.3427260525922824
110,3.5264972041639324,3.44613247896659,3.502547012893601,3.3529090609455863,3.496851599488351,3.464308400299748,3.3525989041129205,3.258435181910388,3.3795812168002324,3.304691371742653,3.3352918281571244,3.29314383291364,3.37418926768033,3.344499918314632,3.265964014825109,3.314471393011858,3.419406038585782,3.274646853922978,3.3083053602093884,3.368004434699749,3.2952426007055364
111,3.4050399560360205,3.415549472942628,3.296599245817894,3.335701038725566,3.39325647789863,3.369494604755294,3.4396684186880915,3.239832274708942,3.3260334129808493,3.390230814488539,3.3731835622583524,3.3724916674627057,3.445558564031812,3.388629532089132,3.403252892054332,3.487719419896411,3.545563320748514,3.491744553456955,3.476416804562396,3.4045990789535496,3.381652988605896
112,3.3469569547962013,3.291063585143555,3.326650719618069,3.3343916523111856,3.495199098086364,3.258505386669617,3.2477489192365367,3.406174811719956,3.410694169250358,3.53164780398533,3.47514328298519,3.344456389276118,3.4480814227690257,3.3050150931992177,3.314056788081796,3.3763000195728137,3.4404827949120818,3.339691099849444,3.408395692882213,3.468746397778136,3.345789270719973
113,3.256977704811667,3.3716328067575554,3.2877156194820274,3.2412652394793384,3.4360312710523027,3.38823254497191,3.2517450938764574,3.376831873144934,3.457849136414456,3.3917493735311184,3.4569080419686387,3.261258114635758,3.3598067440332358,3.2561318676053306,3.239020103842229,3.317506068909676,3.4405130052403208,3.316474486688341,3.343259058726712,3.3407424140550117,3.2920996009939243
114,3.3527327367496924,3.2437737198225163,3.298739657118288,3.333016345033708,3.316420058539167,3.39557784140105,3.368259337640528,3.4066637844148446,3.4207566424735987,3.366821776181684,3.424709623454181,3.301564911826935,3.3505338009991608,3.3967832148721264,3.2915091479695624,3.4510116890564877,3.451009127516289,3.3040203375084287,3.4314077325942707,3.4062055260991118,3.395833598337418
115,3.2203255134246755,3.221661906392424,3.272134487473851,3.114899979121206,3.287633189845056,3.324994047746231,3.1006780103257454,3.3669153094597744,3.3716910801407294,3.410515968455798,3.442168008014016,3.216662842448585,3.4595603730749067,3.285627151135436,3.261916712839873,3.3706822686292446,3.4414115624764063,3.49677771358903,3.4080787580791885,3.3997776477099317,3.335907234849701
116,3.410334887026869,3.3962636340894914,3.387684758303881,3.2317124134254787,3.367472357832918,3.501031449254138,3.271153922701354,3.307548330373064,3.359764975852161,3.3181265581344865,3.34625390242374,3.338605956160818,3.373365173002774,3.336888997839371,3.3068534515817585,3.4395168151306565,3.3714971923581896,3.348089537830961,3.3734714000101325,3.3717156937388526,3.3605270132852483
117,3.327364988962591,3.3574943979149774,3.347981169664842,3.2152763825295647,3.472271613669379,3.4213772597113645,3.2808983501338123,3.425721776305491,3.47288674829603,3.514819964844285,3.52334929646552,3.3527061349017884,3.389328445149049,3.360526373818548,3.366076210481531,3.400713883303472,3.459770148233774,3.3269031742223416,3.375723778486852,3.3193988868703936,3.356282545132097
118,3.273861145578203,3.2960259611294997,3.222131818157069,3.133400625460775,3.42579152549408,3.3198599581138657,3.2200606142461297,3.350791588153209,3.3399344851563564,3.4162461737269707,3.3696850919674337,3.225229745730842,3.3339516730377645,3.2692168092858243,3.282613740748636,3.2764726290431176,3.3652591457513057,3.3346963694234795,3.4452129422222626,3.358260378188727,3.289304692561035
119,3.2523331265083395,3.3666024795718243,3.403038107431856,3.2021850282559696,3.46501623196254,3.4679055565877337,3.3489660366946827,3.3487234084997475,3.4180180177672783,3.3716829676788214,3.4121369238527626,3.4005906034903424,3.35142934239236,3.334426998784948,3.339286127071331,3.336491221406341,3.3927169583822554,3.387772651640446,3.408526347836962,3.384738297597481,3.334822702661331
120,3.448269953153301,3.517551278316724,3.4192575238676017,3.3362590380828645,3.529768451178682,3.581410615563988,3.314258819704855,3.3153548730844395,3.260084443279485,3.3718717770095727,3.390851541475205,3.2241037424859567,3.27343762584415,3.257093473767612,3.3005187363466995,3.336151079704164,3.4251892990558748,3.2555288766762325,3.3959863139345,3.377176488229976,3.2847582605845647
